{
  "best_value": 357.6748063340439,
  "best_params": {
    "lr": 0.0013968102796223692,
    "target_update_freq": 200,
    "min_epsilon": 0.04650265271388566,
    "decay_rate": 0.05043175268951842,
    "batch_size": 64
  },
  "n_trials": 241,
  "env_id": "CartPole-v1"
}